4628684863,Sinclare Sollitt,ssollitt0@usatoday.com,790-132-9742
3085942696,Bing Leedal,bleedal1@cyberchimps.com,591-231-1376
751050067,Danette Klimaszewski,dklimaszewski2@archive.org,413-193-2286
595210880,Ernesta Maxwaile,emaxwaile3@patch.com,149-401-9142
2322935778,Delmer Pinshon,dpinshon4@berkeley.edu,177-918-6495
3714537503,Skipton Poyzer,spoyzer5@facebook.com,876-172-7327
7454929508,Celle Laird-Craig,clairdcraig6@ox.ac.uk,752-242-3117
8882899861,Jerrylee Benoix,jbenoix7@seesaa.net,286-675-0751
5949254414,Pete McCard,pmccard8@goo.gl,516-740-2125
7304255870,Patsy Reeve,preeve9@dmoz.org,313-447-6633
9392497318,Harmonie Frarey,hfrareya@bing.com,729-292-4385
2768640247,Foss Helleker,fhellekerb@diigo.com,801-925-4288
781017238,Shina Butterwick,sbutterwickc@gnu.org,274-877-3209
5859028113,Vassily Aberdeen,vaberdeend@tripadvisor.com,775-444-7468
3382284863,Sabina Heijnen,sheijnene@shutterfly.com,574-564-8301
5264058148,Sande Thurman,sthurmanf@jalbum.net,850-257-7283
3870812389,Nicholle Rushbrooke,nrushbrookeg@ed.gov,859-626-8418
5656967905,Shellie Spelwood,sspelwoodh@deviantart.com,938-860-2026
5641530832,Kiersten Martineau,kmartineaui@bluehost.com,222-208-5466
6826224593,Jacqui Mallall,jmallallj@nationalgeographic.com,759-778-6826
7272924748,Donnie Jouhan,djouhank@columbia.edu,183-722-4404
3330432640,Karna Jewsbury,kjewsburyl@miitbeian.gov.cn,644-630-6154
3999056592,Adam McReath,amcreathm@squarespace.com,308-441-7695
5840547948,Avril Doohan,adoohann@buzzfeed.com,254-763-1867
6563281850,Pavia Elsey,pelseyo@hhs.gov,923-758-2397
1724646877,Culver Watling,cwatlingp@live.com,245-784-1851
9955177136,Wiatt Woodlands,wwoodlandsq@trellian.com,887-764-2032
936891408,Prentice Spellsworth,pspellsworthr@over-blog.com,203-522-5871
8546290024,Neal Carles,ncarless@symantec.com,898-707-5292
2227155604,Cassandre Priddy,cpriddyt@ameblo.jp,312-479-1471
4706167892,Genovera Grishukov,ggrishukovu@wufoo.com,329-839-9733
1688129049,Emera Scallan,escallanv@hexun.com,194-730-5892
8278748705,Germana Gelly,ggellyw@xing.com,766-990-3320
7427148983,Heriberto Camsey,hcamseyx@addthis.com,476-956-7795
6957627543,Corenda Hars,charsy@usa.gov,636-586-9120
7292278353,Marney Meace,mmeacez@odnoklassniki.ru,882-511-4070
1520466854,Cristi Hauxwell,chauxwell10@blinklist.com,341-459-2346
5288019630,Francoise Crabtree,fcrabtree11@google.com.au,518-551-1900
1928884881,Lyndsay Jacquet,ljacquet12@people.com.cn,169-972-4585
2377655777,Janet Copas,jcopas13@lulu.com,203-905-6483
5575782433,Renee Belhome,rbelhome14@photobucket.com,313-359-9059
3566974552,Codee Lebbern,clebbern15@wikia.com,138-311-6378
4814286201,Meryl Brend,mbrend16@google.ca,135-590-8277
4052794508,Gillian Granham,ggranham17@etsy.com,401-756-1990
4029553419,Graeme Staples,gstaples18@auda.org.au,714-777-3639
2761457781,Helyn Trent,htrent19@clickbank.net,573-103-3681
156008459,Reta Magister,rmagister1a@reference.com,290-202-9178
573687609,Kim Smedmore,ksmedmore1b@ucsd.edu,593-538-7593
2080668870,Nessa Schankelborg,nschankelborg1c@virginia.edu,216-402-4524
4355973093,Rebe Sproat,rsproat1d@guardian.co.uk,648-998-0122
4840064237,Lona Eager,leager1e@alibaba.com,861-132-5698
6344597518,Nancy Benian,nbenian1f@google.com,608-624-6682
4886025803,Lyle Tarquinio,ltarquinio1g@hexun.com,836-877-6879
7895538578,Roselle Blades,rblades1h@yale.edu,937-310-0988
2087893780,Arman Miliffe,amiliffe1i@addthis.com,791-369-4128
7170219069,Merissa Ferroli,mferroli1j@goo.gl,368-758-9436
5576692004,Tory Glanister,tglanister1k@vimeo.com,747-585-4447
8664892458,Jose Sommerscales,jsommerscales1l@archive.org,350-926-0088
601463439,Jobi Featenby,jfeatenby1m@go.com,951-548-5316
6008206037,Kalina Stive,kstive1n@about.me,950-807-5808
7390829699,Sonnnie Gonnel,sgonnel1o@dagondesign.com,999-933-8025
8494670492,Janos Halifax,jhalifax1p@netscape.com,236-637-6249
2064979883,Jayme Bothams,jbothams1q@artisteer.com,548-943-9107
6741351310,Donavon Ciottoi,dciottoi1r@free.fr,975-397-6859
7623234897,Carey MacFadden,cmacfadden1s@wsj.com,588-417-2162
4954494877,Yard Paler,ypaler1t@google.cn,285-265-7434
3982110149,Adela Amort,aamort1u@clickbank.net,335-951-3179
8493516236,Nonna Trusler,ntrusler1v@google.com,441-361-4473
7305778133,Hammad Abrahams,habrahams1w@meetup.com,850-722-3718
4408065064,Jacquenetta Meritt,jmeritt1x@rediff.com,634-805-1462
3991060132,Elliott Jansey,ejansey1y@buzzfeed.com,674-111-7400
9025846637,Beltran Klempke,bklempke1z@sphinn.com,787-110-2820
7886795474,Jermaine Britzius,jbritzius20@studiopress.com,820-809-5074
1627905367,Cordey McPaik,cmcpaik21@theglobeandmail.com,573-165-6619
3056597552,Marigold Marden,mmarden22@redcross.org,637-241-9764
1274101433,Maitilde Glazyer,mglazyer23@scientificamerican.com,204-868-6976
1950608727,Clyve Dulin,cdulin24@zdnet.com,301-704-0955
4903158934,Fawn Valasek,fvalasek25@topsy.com,770-217-1295
7917591786,Edlin Winckle,ewinckle26@topsy.com,806-588-3732
1026776856,Lisetta McSperrin,lmcsperrin27@zimbio.com,265-693-1455
8342854353,Jeremie Kiehl,jkiehl28@google.fr,669-942-3935
9159677058,Ermin Pheasant,epheasant29@independent.co.uk,910-773-8282
4544752639,Maxy Cleminson,mcleminson2a@scientificamerican.com,580-594-3383
5685582064,Bunni Abels,babels2b@cbslocal.com,467-954-8844
1407037056,Rani Fesby,rfesby2c@shutterfly.com,963-277-3010
5654642391,Lazaro Forte,lforte2d@lulu.com,436-366-0181
1634745841,Franciskus Loosemore,floosemore2e@xing.com,149-833-1822
2418115895,Kathryn Merwede,kmerwede2f@cnn.com,207-261-5206
7509517753,Chancey Benedicto,cbenedicto2g@hugedomains.com,871-170-7269
2006367838,Hamid Tremmil,htremmil2h@yahoo.com,300-336-4260
5438205051,Pooh Rickarsey,prickarsey2i@blogs.com,812-183-3124
7498123908,Kane O'Lennane,kolennane2j@slideshare.net,131-847-5930
2232926133,Cinnamon Pavlovsky,cpavlovsky2k@google.fr,781-374-6310
1921075066,Baxter McCurdy,bmccurdy2l@cpanel.net,843-437-2090
2809580421,Kylila Aleksandrov,kaleksandrov2m@jiathis.com,597-513-3711
6295211844,Cherilyn A'Barrow,cabarrow2n@soundcloud.com,721-282-1753
8875268371,Cristal Camilli,ccamilli2o@ox.ac.uk,972-246-5414
5861951977,Katti Blew,kblew2p@nationalgeographic.com,840-134-8899
4247858521,Fowler Andreas,fandreas2q@dropbox.com,531-897-2691
3715957689,Marcellina McAndrew,mmcandrew2r@netlog.com,372-763-6493
3689337542,Sam Venart,svenart2s@thetimes.co.uk,448-783-6548
1535097086,Ranice Wiz,rwiz2t@psu.edu,835-530-5223
7257391831,Stacy Labbati,slabbati2u@1688.com,998-232-7623
6353873395,Shir Belfitt,sbelfitt2v@soundcloud.com,218-346-1501
1301699632,Tim Goddard,tgoddard2w@pcworld.com,674-811-8940
8364271059,Lianne Stanney,lstanney2x@java.com,180-827-2957
3613554143,Cindelyn Wasmuth,cwasmuth2y@washington.edu,508-588-0703
8893164175,Chantalle Beebee,cbeebee2z@zimbio.com,941-398-2319
903149869,Evaleen Godfery,egodfery30@amazon.co.jp,941-663-9339
2880883210,Vicky Matuszak,vmatuszak31@woothemes.com,667-528-0324
9558145653,Itch Gayler,igayler32@i2i.jp,201-353-5663
7060489908,Lynnell Fetherstonhaugh,lfetherstonhaugh33@bluehost.com,955-576-0687
9332979650,Augustine Hold,ahold34@hugedomains.com,499-635-3506
2976844186,Cyb Curley,ccurley35@weibo.com,449-919-8133
7155836214,Shelly Lambole,slambole36@ovh.net,379-913-1684
5671159407,Ivory Gentner,igentner37@marriott.com,586-570-4511
1187405175,Rebekkah Izhak,rizhak38@bloglovin.com,761-577-9157
8102095466,Cary Torresi,ctorresi39@addtoany.com,676-416-2806
88168441,Jesse Kopta,jkopta3a@acquirethisname.com,916-281-5739
8131831507,Clotilda Pitceathly,cpitceathly3b@independent.co.uk,658-591-3945
72149337,Flossy Carcass,fcarcass3c@google.co.uk,765-190-3511
3254009266,Teddi MacTrustrie,tmactrustrie3d@google.com.au,975-301-0580
3328953701,Conway Mallard,cmallard3e@cbslocal.com,881-248-5641
4271819786,Beulah Dubock,bdubock3f@fastcompany.com,420-150-2233
6940492542,Michel Comsty,mcomsty3g@nytimes.com,845-344-5974
2273131526,Shawn Rathmell,srathmell3h@bloglines.com,115-189-3717
7702918020,Jerry Chiplen,jchiplen3i@shutterfly.com,544-269-2602
9855682149,Fara Dennett,fdennett3j@howstuffworks.com,172-162-3540
2763777082,Clara Yoodall,cyoodall3k@homestead.com,135-581-9362
2932397605,Rafferty Franies,rfranies3l@studiopress.com,235-174-2436
6755154342,Felike Charley,fcharley3m@youku.com,684-693-4716
7824165787,Druci Facey,dfacey3n@hatena.ne.jp,289-459-9285
4152794437,Aldis Blakiston,ablakiston3o@constantcontact.com,391-116-7744
6593560006,Abba Sooper,asooper3p@flickr.com,256-192-7583
8375445657,Bambi Fortey,bfortey3q@china.com.cn,710-645-2428
3582677842,Justine Dayne,jdayne3r@state.tx.us,855-466-5606
7448429027,Justin Jancy,jjancy3s@twitter.com,887-537-5109
2151521184,Dulcie Hartrick,dhartrick3t@merriam-webster.com,891-875-1603
2532191783,Alica Whitford,awhitford3u@nsw.gov.au,518-684-1220
5431438611,Sheila-kathryn Gaunson,sgaunson3v@columbia.edu,150-416-4021
4670126520,Larisa Fargher,lfargher3w@domainmarket.com,571-257-2926
6578078487,Guinna Nowakowski,gnowakowski3x@blogger.com,866-479-7456
1888703660,Jefferson Pieper,jpieper3y@comcast.net,609-602-9664
7353002328,Nate Oleshunin,noleshunin3z@instagram.com,923-340-4452
3935429940,Chelsea Rosendahl,crosendahl40@symantec.com,573-760-7838
4514339849,Max Allans,mallans41@bandcamp.com,925-837-7618
8693823531,Berk Gadie,bgadie42@deliciousdays.com,775-290-7157
1106189035,Pat Stuttard,pstuttard43@patch.com,772-766-8323
9472943039,Linn Pridding,lpridding44@biglobe.ne.jp,900-258-5550
3386180191,Marysa Ruppele,mruppele45@foxnews.com,245-691-6711
2835651179,Orland Rodden,orodden46@mozilla.com,763-378-9460
8777944682,Rory Bray,rbray47@google.it,646-537-5390
7656814698,Saundra Origan,sorigan48@nhs.uk,126-402-6542
9795482793,Robinia Formigli,rformigli49@timesonline.co.uk,259-998-6397
3421568995,Gabrila Jakubovitch,gjakubovitch4a@hexun.com,766-161-8511
6961107605,Mimi Handman,mhandman4b@wufoo.com,153-227-4177
2940032351,Caitrin Domoney,cdomoney4c@joomla.org,811-961-2382
3331034428,Maryjane Stothard,mstothard4d@barnesandnoble.com,920-278-5306
8069269472,Cris Hubbucks,chubbucks4e@alexa.com,444-433-5815
6200327122,Kiele Badcock,kbadcock4f@salon.com,663-120-6423
9665696521,Sampson Fitchell,sfitchell4g@opera.com,337-982-8348
282114181,Judye Sturridge,jsturridge4h@bandcamp.com,752-107-8844
8139993735,Hort Sliney,hsliney4i@chronoengine.com,298-738-8578
9050263348,Katina Ollander,kollander4j@smugmug.com,434-108-0813
3178503366,Iver Gaines,igaines4k@qq.com,629-969-0543
4442526044,Zena Leworthy,zleworthy4l@sciencedaily.com,525-230-6224
6026788786,Arline Twelve,atwelve4m@cisco.com,661-188-2757
6682914601,Mariellen Heinke,mheinke4n@geocities.jp,975-423-7487
5942644837,Berne Debell,bdebell4o@g.co,114-686-4687
8582502311,Carr Yakovich,cyakovich4p@nationalgeographic.com,340-175-4390
3535490286,Giulietta Piddington,gpiddington4q@mit.edu,328-492-9646
6680315603,Cointon Newlands,cnewlands4r@plala.or.jp,250-304-5841
2413159185,Ansel Smy,asmy4s@hostgator.com,952-808-2040
8963396983,Seward Densumbe,sdensumbe4t@businessweek.com,477-424-3973
4271423017,Cristobal Brabham,cbrabham4u@sohu.com,984-200-3306
9111529903,Mathian Clyma,mclyma4v@columbia.edu,789-736-8661
5725863409,Dulciana Van der Hoeven,dvan4w@shinystat.com,597-280-0697
528264249,Rosella Vittle,rvittle4x@cornell.edu,633-923-2587
5453902124,Thaxter Divver,tdivver4y@privacy.gov.au,882-147-2494
6141916465,Catherine Folkard,cfolkard4z@odnoklassniki.ru,590-971-4822
8659655125,Merilee Curnock,mcurnock50@rediff.com,193-515-0107
5156807844,Gerhardine Sellstrom,gsellstrom51@hhs.gov,114-118-9842
8443894016,Dicky Gosnay,dgosnay52@tripadvisor.com,743-276-1315
4086810581,Lotty Rawling,lrawling53@ibm.com,343-888-5615
6435611440,Suzanna Wisden,swisden54@indiatimes.com,914-315-7796
9040994900,Maximilien Caird,mcaird55@stumbleupon.com,956-797-0321
2979327433,Marilee McKiddin,mmckiddin56@xing.com,924-551-7046
768946573,Tally Blaiklock,tblaiklock57@arizona.edu,620-771-2043
3700199031,Lin Heeps,lheeps58@github.com,241-640-6705
4141517542,Ikey Gummory,igummory59@squidoo.com,708-239-6537
9227101020,Edan McDuall,emcduall5a@theatlantic.com,726-216-5288
9959350010,Templeton Byers,tbyers5b@house.gov,784-148-2541
7378125466,Robina Mallison,rmallison5c@baidu.com,295-542-7385
206471394,Kris Hayes,khayes5d@4shared.com,250-655-0467
3981050525,Ann-marie Mewha,amewha5e@hibu.com,464-208-9218
9382102248,Romona Oldknow,roldknow5f@discovery.com,192-522-8632
6555065737,Kippy Keizman,kkeizman5g@illinois.edu,609-147-9276
946010579,Skylar MacWhirter,smacwhirter5h@hexun.com,626-880-1730
4135761445,Karlene Wolford,kwolford5i@jigsy.com,685-305-9088
2149873974,Lorettalorna Maccree,lmaccree5j@reference.com,336-933-7488
7896623293,Chen Leivesley,cleivesley5k@google.pl,946-837-1919
586674438,Jamal Morson,jmorson5l@photobucket.com,901-734-1056
8448222067,Alanson Lipsett,alipsett5m@umn.edu,275-127-8785
5358080384,Velma Carrell,vcarrell5n@nps.gov,819-208-2045
6361266591,Dael Waterhouse,dwaterhouse5o@ameblo.jp,617-286-3106
6427047671,Lorena Blenkin,lblenkin5p@reuters.com,918-644-7677
4372900732,Bobby Matthewman,bmatthewman5q@freewebs.com,435-230-9148
6162335836,Kincaid Zannolli,kzannolli5r@google.com.br,671-104-8860
3239087820,Winthrop Joannic,wjoannic5s@yelp.com,268-110-6174
7712870551,Basile Gheorghescu,bgheorghescu5t@myspace.com,680-762-6311
9145594627,Eliza Cregg,ecregg5u@bloglines.com,661-822-7014
328619264,Ardith Tarbert,atarbert5v@google.co.jp,523-997-6882
7417109195,Filmore Veck,fveck5w@globo.com,266-990-5762
8731351190,Golda Loveless,gloveless5x@zimbio.com,997-793-6276
4452823106,Terri Greydon,tgreydon5y@live.com,880-546-5492
7634287865,Darbie Wolvey,dwolvey5z@dion.ne.jp,369-392-3161
8445148184,Sharleen Luberto,sluberto60@trellian.com,398-809-2631
7623922939,Ethelbert Hearnah,ehearnah61@google.cn,629-325-0258
4623677990,Orsola Batiste,obatiste62@moonfruit.com,105-395-6635
8145828473,Netty Sculley,nsculley63@discovery.com,185-178-6437
7263159325,Roderick Reynish,rreynish64@sogou.com,986-111-4557
1630947288,Forrester Benedtti,fbenedtti65@newsvine.com,392-331-4090
1911472283,Herold Georgiev,hgeorgiev66@privacy.gov.au,559-859-9462
2266180371,Chrissie Coppo,ccoppo67@dagondesign.com,978-668-4182
680267182,Nelie Pettingill,npettingill68@naver.com,399-162-5764
200014897,Desdemona Jobbing,djobbing69@paypal.com,537-721-4550
8994104461,Katerine Hentze,khentze6a@facebook.com,325-145-5909
960084339,Addie Bothram,abothram6b@hao123.com,511-646-9946
6183696862,Tomlin Bebis,tbebis6c@paginegialle.it,193-416-3195
9605615193,Terry Hillaby,thillaby6d@nba.com,943-456-3121
7878575088,Perice Garter,pgarter6e@ebay.com,923-916-9258
3361954029,Aubine Giorgeschi,agiorgeschi6f@unesco.org,379-735-2876
3791550896,Simon Britner,sbritner6g@addtoany.com,858-539-8734
991289390,Vernon Armstrong,varmstrong6h@rediff.com,238-775-3856
1964229693,Terrance Ferentz,tferentz6i@artisteer.com,554-225-0889
5820183584,Xylina Drawmer,xdrawmer6j@cnn.com,746-231-3409
3592336657,Lida Roycroft,lroycroft6k@pcworld.com,122-158-1089
6970759601,Marthena Ibotson,mibotson6l@weibo.com,736-669-5885
2501100875,Eduino Wackley,ewackley6m@salon.com,599-419-0541
393889807,Taryn Couch,tcouch6n@google.com.br,947-607-5384
1092729860,Isa Roome,iroome6o@simplemachines.org,979-154-4666
5340849864,Laurens Cracker,lcracker6p@flickr.com,523-712-5375
2669855717,Pavia Gaisford,pgaisford6q@goo.gl,901-906-1354
1806693313,Tomas Cazin,tcazin6r@slate.com,378-150-3267
8892280198,Chickie Fotitt,cfotitt6s@tinyurl.com,917-787-6476
3537811616,Mavis Benech,mbenech6t@imageshack.us,707-429-3597
3241387852,Wes Neasam,wneasam6u@dropbox.com,909-874-3007
390936537,Karalee Giacopini,kgiacopini6v@weibo.com,755-528-1382
3545330257,Amalie Carroll,acarroll6w@statcounter.com,303-108-3803
3977104535,Cass Gildea,cgildea6x@bluehost.com,751-279-9300
8232378069,Joey Steadman,jsteadman6y@scribd.com,248-342-2219
4370570328,Asia Verna,averna6z@ucla.edu,541-937-1323
615405053,Sofie Kirimaa,skirimaa70@toplist.cz,745-822-1816
311130577,Abagail Korous,akorous71@github.io,745-104-8852
9997273494,Tadio Aggott,taggott72@simplemachines.org,836-346-1151
8504859770,Ema Acheson,eacheson73@wsj.com,945-460-2803
9745539082,Meggi Serchwell,mserchwell74@newyorker.com,261-101-7490
3420311877,Tanny Romayn,tromayn75@huffingtonpost.com,504-974-0151
3412307521,Pegeen Mirfin,pmirfin76@myspace.com,536-616-1176
9102080567,Buiron Blyde,bblyde77@china.com.cn,310-122-8358
6777737189,Millisent Rowles,mrowles78@artisteer.com,936-554-1162
4632159492,Mara Mollett,mmollett79@reuters.com,528-901-3531
1360819371,Isac Peagram,ipeagram7a@merriam-webster.com,156-257-6598
4950290401,Caitlin Pates,cpates7b@spotify.com,918-587-6975
9849668695,Katti Astall,kastall7c@wikispaces.com,866-452-1914
9666403420,Nelli Wimlett,nwimlett7d@house.gov,179-637-2266
3062866667,Meade Clohissy,mclohissy7e@wordpress.com,711-544-9353
2150003465,Adrianne Allberry,aallberry7f@va.gov,506-987-4727
5890616064,Archy Isaksson,aisaksson7g@last.fm,897-868-0663
6744420100,Ginny Moncey,gmoncey7h@barnesandnoble.com,228-280-3585
7779111725,Viv Priestnall,vpriestnall7i@ameblo.jp,520-798-3711
820136573,Broddie Howbrook,bhowbrook7j@tiny.cc,390-194-4333
6832144393,Merry Ferreira,mferreira7k@sbwire.com,864-187-2234
6589306141,Natalya Canny,ncanny7l@yale.edu,415-546-6349
1914889487,Perice Attrill,pattrill7m@mit.edu,828-980-7144
1745440968,Brande Baty,bbaty7n@eventbrite.com,894-138-8946
2175655881,Hastie Barwack,hbarwack7o@psu.edu,150-668-3297
9487194177,Jordon Manley,jmanley7p@oaic.gov.au,714-906-0230
8700748404,Malva Haskayne,mhaskayne7q@msn.com,823-313-4200
3171677717,Ivette Van Velde,ivan7r@washington.edu,853-925-8114
7500633211,Dimitry Fearnley,dfearnley7s@alibaba.com,235-463-7977
2747708411,Osgood Pibsworth,opibsworth7t@is.gd,361-304-4683
1473489369,Noel Dysart,ndysart7u@seattletimes.com,781-306-0011
712149643,Tyrone Duiged,tduiged7v@usa.gov,943-846-1781
4037412195,Corby Attoc,cattoc7w@mapy.cz,968-157-5859
3069590241,Neel Planque,nplanque7x@intel.com,186-828-1444
317762761,Ric Donisi,rdonisi7y@dyndns.org,217-600-5255
2613464151,Roman Sessuns,rsessuns7z@reverbnation.com,652-305-6205
4580718429,Fulvia Menego,fmenego80@mtv.com,333-600-2287
7296181370,Ebeneser de Verson,ede81@bloomberg.com,269-231-0504
6888918378,Win Karlolak,wkarlolak82@angelfire.com,637-220-5350
1265807000,Marillin Simmance,msimmance83@prnewswire.com,238-651-0359
1410309177,Carey Capes,ccapes84@lulu.com,199-661-7132
7272508159,Chelsea Delagnes,cdelagnes85@google.co.uk,773-453-9822
2129682618,Irwin Lawson,ilawson86@cdc.gov,570-123-4329
7731233243,Irene Sturney,isturney87@symantec.com,259-218-0686
7438669831,Hugibert Proger,hproger88@house.gov,436-792-7722
3191763082,Evaleen Langsbury,elangsbury89@mashable.com,909-135-2506
788319043,Iago Gutans,igutans8a@nifty.com,202-982-7255
793248787,Buiron Mosby,bmosby8b@yelp.com,772-245-9847
466562306,Arni Darinton,adarinton8c@washington.edu,657-621-8548
4894911884,Nora Fone,nfone8d@edublogs.org,117-534-6694
3178358250,Ema De la Yglesias,ede8e@timesonline.co.uk,276-858-1995
4763154265,Powell Golde,pgolde8f@sfgate.com,793-956-7056
4261568500,Dalia Creddon,dcreddon8g@msn.com,802-548-0217
5039745702,Sheilah Davydenko,sdavydenko8h@unblog.fr,650-310-9572
4892331139,Wendeline Mosson,wmosson8i@posterous.com,545-111-1284
4460915979,Micaela Cardozo,mcardozo8j@redcross.org,270-629-9122
4790921433,Zsazsa Quakley,zquakley8k@imageshack.us,861-917-0539
2342005687,Lyn Zarfat,lzarfat8l@timesonline.co.uk,171-152-4376
601687345,Trstram Maleby,tmaleby8m@prweb.com,851-825-8702
3157907271,Elsie Sclanders,esclanders8n@army.mil,142-658-9090
3600384279,Carmel Poge,cpoge8o@washingtonpost.com,893-872-3900
6810295399,Ursulina Servant,uservant8p@zimbio.com,786-510-4951
3908153018,Francyne Gatchell,fgatchell8q@yandex.ru,358-962-0336
2276251255,Sammy Roddick,sroddick8r@cdc.gov,887-727-6780
653518285,Fransisco Forty,fforty8s@netvibes.com,174-301-0884
4077535751,Brew Boyd,bboyd8t@pcworld.com,810-875-1906
1251790127,Willie Dilawey,wdilawey8u@nymag.com,127-936-1415
5658473527,Vina Furlong,vfurlong8v@mozilla.org,656-137-3597
4626138411,Conan McKibbin,cmckibbin8w@disqus.com,567-404-9682
8091184204,Frants Oherlihy,foherlihy8x@ycombinator.com,156-338-2484
3057137504,Melitta Normanell,mnormanell8y@marketwatch.com,144-293-8540
1805002546,Christoforo Wedlake,cwedlake8z@nsw.gov.au,224-198-5673
8107004485,Fredric Kirwan,fkirwan90@issuu.com,311-272-7785
8219292717,Thornie Gerald,tgerald91@oaic.gov.au,209-925-3155
7646400041,Annalise Wilfing,awilfing92@merriam-webster.com,965-311-6453
7140602530,Kendrick Veldman,kveldman93@sogou.com,219-982-1259
8559981667,Ardine O' Byrne,ao94@washingtonpost.com,515-845-5210
3929264390,Grant Tytler,gtytler95@paypal.com,564-878-3869
7325763255,Lew Northen,lnorthen96@scribd.com,634-389-8390
7997021140,Robinet Loudon,rloudon97@alibaba.com,523-332-5063
2160946052,Verena Tomkin,vtomkin98@boston.com,659-957-8276
1395683719,Jeddy Heephy,jheephy99@ftc.gov,232-370-4031
5996620669,Nananne Dienes,ndienes9a@mit.edu,425-917-1243
9879028651,Arvy Annice,aannice9b@bluehost.com,639-697-2854
951127667,Tate Bedboro,tbedboro9c@amazonaws.com,309-191-7504
7309425235,Marysa Vearncombe,mvearncombe9d@nps.gov,363-191-6178
858440849,Northrop Mabbs,nmabbs9e@weibo.com,709-817-5799
2759439674,Tersina Donnelly,tdonnelly9f@people.com.cn,585-235-1590
7157022109,Giffie Whitfeld,gwhitfeld9g@wordpress.org,314-576-0118
8505431170,Paco Taffs,ptaffs9h@bbc.co.uk,477-505-7421
5757765577,Goran Borth,gborth9i@nytimes.com,425-448-3046
4813787509,Merl Hedon,mhedon9j@msu.edu,563-199-5123
7687804376,Lelah Ranyard,lranyard9k@smh.com.au,108-545-5402
5551204871,Eben Dalli,edalli9l@cargocollective.com,479-336-2225
8993413665,Wandie Cotherill,wcotherill9m@cnet.com,177-973-8444
2647116229,Mattias Battaille,mbattaille9n@g.co,388-833-7900
7067060656,Tucky Wain,twain9o@oaic.gov.au,274-230-7917
8482812629,Betti Fellgett,bfellgett9p@tumblr.com,958-617-0582
1416590161,Allie Porcher,aporcher9q@wp.com,512-681-4698
2894369840,Sayres Levitt,slevitt9r@omniture.com,305-679-2578
5532271259,Darrelle Hallt,dhallt9s@reddit.com,273-353-6570
7017149661,Lester Hellen,lhellen9t@bing.com,955-447-1212
7419075964,Roxy Agar,ragar9u@exblog.jp,805-686-8231
9746669885,Giavani Nerne,gnerne9v@cbc.ca,549-147-6362
7711435800,Jillana Prior,jprior9w@cnn.com,880-380-1070
8372625727,Helyn Bruhn,hbruhn9x@infoseek.co.jp,665-484-5236
2633704778,Gerty Tarbatt,gtarbatt9y@hubpages.com,565-365-4628
6089864986,Victoria Koche,vkoche9z@imdb.com,545-635-5745
2816064468,Ursuline Foulser,ufoulsera0@ning.com,903-175-7621
8492676949,Son Felton,sfeltona1@nationalgeographic.com,451-236-0514
6497510702,Dodie Adams,dadamsa2@state.gov,490-232-9080
3533794857,Nicolette Schiementz,nschiementza3@tiny.cc,811-414-2920
4144671658,Sheena Scambler,sscamblera4@wix.com,882-535-1716
2442068591,Ryann Lowen,rlowena5@china.com.cn,630-387-5767
6415534092,Francisco Hawney,fhawneya6@ox.ac.uk,848-800-0789
9745541931,Gayleen Ondrasek,gondraseka7@hugedomains.com,791-660-3891
9360235709,Selestina Predohl,spredohla8@washington.edu,501-195-3816
4442888140,Willie O'Shea,wosheaa9@umich.edu,991-626-7359
8214384079,Ranee Denyukhin,rdenyukhinaa@goodreads.com,713-762-8136
1465657231,Kellyann Abbey,kabbeyab@mayoclinic.com,883-907-4418
2809664609,Tedie Paver,tpaverac@symantec.com,576-796-7970
4697181328,Ruthann Sinney,rsinneyad@eepurl.com,797-402-9876
9806805291,Georgia Tatteshall,gtatteshallae@cyberchimps.com,634-895-1490
8392991338,Denna Duxbury,dduxburyaf@usa.gov,684-519-0092
465234798,Ingamar Keddey,ikeddeyag@ask.com,694-569-2509
6449870044,Tiffy Cowthard,tcowthardah@surveymonkey.com,570-940-5799
7112876583,Shellie Grinsted,sgrinstedai@vkontakte.ru,844-511-5624
6935988160,Camille Maltster,cmaltsteraj@cafepress.com,974-520-6383
635118734,Gabriela Polson,gpolsonak@engadget.com,124-931-7710
1810256623,Gallagher Mecco,gmeccoal@wufoo.com,372-737-1700
8266058377,Elton Crickmoor,ecrickmooram@umn.edu,293-613-4786
1176028723,Barnie Templman,btemplmanan@time.com,942-833-1260
7514348212,Donni Balharrie,dbalharrieao@t-online.de,272-749-5568
4492401814,Sawyere Packington,spackingtonap@jimdo.com,958-438-6484
921052332,Lorens Lody,llodyaq@webnode.com,824-913-2637
8171271235,Caroljean Eliez,celiezar@artisteer.com,337-478-2089
4186381887,Livy Rendbaek,lrendbaekas@acquirethisname.com,648-321-0978
7077780651,Yehudi Bundey,ybundeyat@cornell.edu,195-420-2271
2937716253,Sonny Rumbellow,srumbellowau@php.net,886-934-6338
6839073726,Mina Gallanders,mgallandersav@pagesperso-orange.fr,310-681-2833
3579872206,Guido Thornebarrow,gthornebarrowaw@meetup.com,666-410-4016
2392975159,Valentine Szachniewicz,vszachniewiczax@senate.gov,113-771-5956
2779370343,Gwenny Doles,gdolesay@shutterfly.com,543-711-8688
6665193624,Frasco Froom,ffroomaz@networkadvertising.org,481-986-5456
3150206456,Henryetta Wrankling,hwranklingb0@blogspot.com,337-470-5597
7761229279,Gaylor Claye,gclayeb1@macromedia.com,578-880-4054
8741150406,Malvin Safell,msafellb2@ezinearticles.com,958-580-0428
8088465893,Violante Weems,vweemsb3@goo.ne.jp,957-398-8912
2443617971,Avrit Werndly,awerndlyb4@quantcast.com,810-810-2280
4642140573,Lou Beake,lbeakeb5@cbslocal.com,388-221-7944
2736808142,Joni Malinowski,jmalinowskib6@newyorker.com,187-638-9573
5639581,Antony Scherer,aschererb7@ycombinator.com,824-249-3071
6638793845,Rosaline Mumbey,rmumbeyb8@state.gov,121-558-1937
8947660817,Hailey Drage,hdrageb9@webs.com,674-855-8238
3774998108,Lauraine Kitchaside,lkitchasideba@reddit.com,891-729-4014
630768145,Trevor Rasher,trasherbb@yellowpages.com,754-957-6796
2892312469,Magdalene Preston,mprestonbc@geocities.com,271-466-4262
1180447646,Timmy Whitehorn,twhitehornbd@nymag.com,454-549-2978
8489818568,Teresita Isaksen,tisaksenbe@ycombinator.com,267-947-5982
595291813,Broderick Kemble,bkemblebf@ning.com,922-821-1830
5439395989,Ronnie Wringe,rwringebg@youtube.com,715-815-3264
7405520111,Latashia Verrills,lverrillsbh@japanpost.jp,396-147-7355
6519140538,Lew Cluelow,lcluelowbi@amazon.co.uk,318-679-2814
6380531998,Godard Ivchenko,givchenkobj@twitter.com,314-386-6349
7254903580,Joyan Duchesne,jduchesnebk@storify.com,677-670-5859
8661472091,Karisa Eyckelbeck,keyckelbeckbl@oakley.com,362-115-6427
8527708310,Ginnie Yekel,gyekelbm@furl.net,776-657-9508
3799726489,Kellen Walicki,kwalickibn@psu.edu,451-386-1484
4351139161,Kippy Chatainier,kchatainierbo@answers.com,434-610-7389
19331231,Noll Maron,nmaronbp@mail.ru,641-747-4118
7904087332,Gaelan Linck,glinckbq@vistaprint.com,961-203-3409
1835752535,Candi Marwood,cmarwoodbr@example.com,758-558-6674
5470424731,Mathias Lill,mlillbs@usnews.com,491-261-4317
4583460511,Edd Andrault,eandraultbt@dell.com,264-652-6260
2070661725,Bobine Jacob,bjacobbu@php.net,295-329-1243
3635041882,Nicholas Yeldon,nyeldonbv@booking.com,537-575-0781
2006746731,Karney Deesly,kdeeslybw@guardian.co.uk,904-399-9751
1011858819,Vernen Hamm,vhammbx@bigcartel.com,561-412-5093
9006543543,Dolph Gogin,dgoginby@squarespace.com,531-265-9589
9891761959,Bartholemy Scupham,bscuphambz@soup.io,780-201-3728
7083457948,Nataniel July,njulyc0@elegantthemes.com,428-681-7388
7946407963,Zara Paskerful,zpaskerfulc1@weather.com,598-263-0922
6505437339,Thaddus Terrett,tterrettc2@apache.org,202-374-0995
3445031347,Hershel Wingham,hwinghamc3@nationalgeographic.com,474-941-4897
5134841500,Claus Kornas,ckornasc4@soup.io,793-605-4734
1080002219,Merrick Seers,mseersc5@clickbank.net,982-604-4741
6157215615,Torrey Caplin,tcaplinc6@thetimes.co.uk,856-750-5669
5619544184,Loretta Phateplace,lphateplacec7@paypal.com,618-852-7903
8962811227,Caleb Fasson,cfassonc8@scientificamerican.com,171-690-5966
3761520441,Kinnie Peizer,kpeizerc9@pcworld.com,674-455-7839
